{
  "severity_0": {
    "precision": 0.9814814814814815,
    "recall": 0.9636363636363636,
    "f1-score": 0.9724770642201835,
    "support": 110.0
  },
  "severity_1": {
    "precision": 0.9841017488076311,
    "recall": 0.9809825673534073,
    "f1-score": 0.9825396825396825,
    "support": 631.0
  },
  "severity_2": {
    "precision": 0.9849445324881141,
    "recall": 0.9928115015974441,
    "f1-score": 0.9888623707239459,
    "support": 1252.0
  },
  "severity_3": {
    "precision": 0.9974025974025974,
    "recall": 0.9922480620155039,
    "f1-score": 0.9948186528497409,
    "support": 1161.0
  },
  "accuracy": 0.9892200380469245,
  "macro avg": {
    "precision": 0.986982590044956,
    "recall": 0.9824196236506797,
    "f1-score": 0.9846744425833882,
    "support": 3154.0
  },
  "weighted avg": {
    "precision": 0.9892410072035868,
    "recall": 0.9892200380469245,
    "f1-score": 0.9892185037576694,
    "support": 3154.0
  }
}