{
  "0": {
    "precision": 0.9906542056074766,
    "recall": 0.9636363636363636,
    "f1-score": 0.9769585253456221,
    "support": 110.0
  },
  "1": {
    "precision": 0.65,
    "recall": 0.8125,
    "f1-score": 0.7222222222222222,
    "support": 16.0
  },
  "2": {
    "precision": 0.7894736842105263,
    "recall": 0.7142857142857143,
    "f1-score": 0.75,
    "support": 21.0
  },
  "3": {
    "precision": 1.0,
    "recall": 1.0,
    "f1-score": 1.0,
    "support": 40.0
  },
  "4": {
    "precision": 0.7777777777777778,
    "recall": 0.7777777777777778,
    "f1-score": 0.7777777777777778,
    "support": 9.0
  },
  "5": {
    "precision": 0.5,
    "recall": 0.5,
    "f1-score": 0.5,
    "support": 4.0
  },
  "6": {
    "precision": 1.0,
    "recall": 1.0,
    "f1-score": 1.0,
    "support": 48.0
  },
  "7": {
    "precision": 0.9,
    "recall": 0.9,
    "f1-score": 0.9,
    "support": 10.0
  },
  "8": {
    "precision": 0.9090909090909091,
    "recall": 0.9090909090909091,
    "f1-score": 0.9090909090909091,
    "support": 11.0
  },
  "9": {
    "precision": 1.0,
    "recall": 1.0,
    "f1-score": 1.0,
    "support": 33.0
  },
  "10": {
    "precision": 0.7407407407407407,
    "recall": 0.9090909090909091,
    "f1-score": 0.8163265306122449,
    "support": 22.0
  },
  "11": {
    "precision": 0.8125,
    "recall": 0.6190476190476191,
    "f1-score": 0.7027027027027027,
    "support": 21.0
  },
  "12": {
    "precision": 0.8727272727272727,
    "recall": 0.8421052631578947,
    "f1-score": 0.8571428571428571,
    "support": 57.0
  },
  "13": {
    "precision": 0.7352941176470589,
    "recall": 0.78125,
    "f1-score": 0.7575757575757576,
    "support": 32.0
  },
  "14": {
    "precision": 0.625,
    "recall": 0.45454545454545453,
    "f1-score": 0.5263157894736842,
    "support": 22.0
  },
  "15": {
    "precision": 0.7586206896551724,
    "recall": 0.8461538461538461,
    "f1-score": 0.8,
    "support": 52.0
  },
  "16": {
    "precision": 0.9863013698630136,
    "recall": 1.0,
    "f1-score": 0.993103448275862,
    "support": 72.0
  },
  "17": {
    "precision": 1.0,
    "recall": 1.0,
    "f1-score": 1.0,
    "support": 31.0
  },
  "18": {
    "precision": 0.7647058823529411,
    "recall": 0.8666666666666667,
    "f1-score": 0.8125,
    "support": 30.0
  },
  "19": {
    "precision": 0.90625,
    "recall": 0.7837837837837838,
    "f1-score": 0.8405797101449275,
    "support": 37.0
  },
  "20": {
    "precision": 0.9152542372881356,
    "recall": 0.8571428571428571,
    "f1-score": 0.8852459016393442,
    "support": 63.0
  },
  "21": {
    "precision": 0.75,
    "recall": 0.8709677419354839,
    "f1-score": 0.8059701492537313,
    "support": 31.0
  },
  "22": {
    "precision": 0.625,
    "recall": 0.5555555555555556,
    "f1-score": 0.5882352941176471,
    "support": 9.0
  },
  "23": {
    "precision": 0.9452054794520548,
    "recall": 0.9583333333333334,
    "f1-score": 0.9517241379310345,
    "support": 72.0
  },
  "24": {
    "precision": 0.9772727272727273,
    "recall": 1.0,
    "f1-score": 0.9885057471264368,
    "support": 43.0
  },
  "25": {
    "precision": 0.7210884353741497,
    "recall": 0.5760869565217391,
    "f1-score": 0.6404833836858006,
    "support": 184.0
  },
  "26": {
    "precision": 0.6287128712871287,
    "recall": 0.7559523809523809,
    "f1-score": 0.6864864864864865,
    "support": 168.0
  },
  "27": {
    "precision": 0.96875,
    "recall": 0.96875,
    "f1-score": 0.96875,
    "support": 32.0
  },
  "28": {
    "precision": 0.9487179487179487,
    "recall": 0.8705882352941177,
    "f1-score": 0.9079754601226994,
    "support": 85.0
  },
  "29": {
    "precision": 0.8611111111111112,
    "recall": 0.9393939393939394,
    "f1-score": 0.8985507246376812,
    "support": 66.0
  },
  "30": {
    "precision": 0.9823008849557522,
    "recall": 0.9910714285714286,
    "f1-score": 0.9866666666666667,
    "support": 112.0
  },
  "31": {
    "precision": 0.8,
    "recall": 0.8,
    "f1-score": 0.8,
    "support": 25.0
  },
  "32": {
    "precision": 0.8333333333333334,
    "recall": 0.8571428571428571,
    "f1-score": 0.8450704225352113,
    "support": 35.0
  },
  "33": {
    "precision": 0.993421052631579,
    "recall": 1.0,
    "f1-score": 0.9966996699669967,
    "support": 151.0
  },
  "34": {
    "precision": 0.8571428571428571,
    "recall": 0.782608695652174,
    "f1-score": 0.8181818181818182,
    "support": 23.0
  },
  "35": {
    "precision": 0.875,
    "recall": 0.9130434782608695,
    "f1-score": 0.8936170212765957,
    "support": 46.0
  },
  "36": {
    "precision": 0.6785714285714286,
    "recall": 0.8260869565217391,
    "f1-score": 0.7450980392156863,
    "support": 23.0
  },
  "37": {
    "precision": 0.8367346938775511,
    "recall": 0.8541666666666666,
    "f1-score": 0.845360824742268,
    "support": 48.0
  },
  "38": {
    "precision": 1.0,
    "recall": 1.0,
    "f1-score": 1.0,
    "support": 23.0
  },
  "39": {
    "precision": 0.7857142857142857,
    "recall": 0.6875,
    "f1-score": 0.7333333333333333,
    "support": 16.0
  },
  "40": {
    "precision": 0.9193548387096774,
    "recall": 0.95,
    "f1-score": 0.9344262295081968,
    "support": 60.0
  },
  "41": {
    "precision": 1.0,
    "recall": 0.9844961240310077,
    "f1-score": 0.9921875,
    "support": 129.0
  },
  "42": {
    "precision": 0.6875,
    "recall": 0.5789473684210527,
    "f1-score": 0.6285714285714286,
    "support": 38.0
  },
  "43": {
    "precision": 0.8415841584158416,
    "recall": 0.8854166666666666,
    "f1-score": 0.8629441624365483,
    "support": 96.0
  },
  "44": {
    "precision": 0.0,
    "recall": 0.0,
    "f1-score": 0.0,
    "support": 0.0
  },
  "45": {
    "precision": 0.0,
    "recall": 0.0,
    "f1-score": 0.0,
    "support": 0.0
  },
  "46": {
    "precision": 0.7777777777777778,
    "recall": 0.6666666666666666,
    "f1-score": 0.717948717948718,
    "support": 21.0
  },
  "47": {
    "precision": 0.8604651162790697,
    "recall": 0.8604651162790697,
    "f1-score": 0.8604651162790697,
    "support": 43.0
  },
  "48": {
    "precision": 0.6086956521739131,
    "recall": 0.6666666666666666,
    "f1-score": 0.6363636363636364,
    "support": 21.0
  },
  "49": {
    "precision": 0.8857142857142857,
    "recall": 0.8773584905660378,
    "f1-score": 0.8815165876777251,
    "support": 106.0
  },
  "50": {
    "precision": 0.6829268292682927,
    "recall": 0.7567567567567568,
    "f1-score": 0.717948717948718,
    "support": 37.0
  },
  "51": {
    "precision": 0.7352941176470589,
    "recall": 0.6578947368421053,
    "f1-score": 0.6944444444444444,
    "support": 38.0
  },
  "52": {
    "precision": 1.0,
    "recall": 1.0,
    "f1-score": 1.0,
    "support": 2.0
  },
  "53": {
    "precision": 1.0,
    "recall": 0.3333333333333333,
    "f1-score": 0.5,
    "support": 3.0
  },
  "54": {
    "precision": 0.7872340425531915,
    "recall": 0.7254901960784313,
    "f1-score": 0.7551020408163265,
    "support": 51.0
  },
  "55": {
    "precision": 0.8289473684210527,
    "recall": 0.863013698630137,
    "f1-score": 0.8456375838926175,
    "support": 73.0
  },
  "56": {
    "precision": 0.75,
    "recall": 0.8863636363636364,
    "f1-score": 0.8125,
    "support": 44.0
  },
  "57": {
    "precision": 0.7916666666666666,
    "recall": 0.6129032258064516,
    "f1-score": 0.6909090909090909,
    "support": 31.0
  },
  "58": {
    "precision": 0.7197452229299363,
    "recall": 0.7847222222222222,
    "f1-score": 0.7508305647840532,
    "support": 144.0
  },
  "59": {
    "precision": 0.8724279835390947,
    "recall": 0.828125,
    "f1-score": 0.8496993987975952,