{
  "severity_0": {
    "precision": 0.9905660377358491,
    "recall": 0.9545454545454546,
    "f1-score": 0.9722222222222222,
    "support": 110.0
  },
  "severity_1": {
    "precision": 0.9841017488076311,
    "recall": 0.9809825673534073,
    "f1-score": 0.9825396825396825,
    "support": 631.0
  },
  "severity_2": {
    "precision": 0.9857369255150554,
    "recall": 0.9936102236421726,
    "f1-score": 0.9896579156722355,
    "support": 1252.0
  },
  "severity_3": {
    "precision": 0.9974070872947277,
    "recall": 0.9939707149009475,
    "f1-score": 0.9956859361518551,
    "support": 1161.0
  },
  "accuracy": 0.989854153455929,
  "macro avg": {
    "precision": 0.9894529498383159,
    "recall": 0.9807772401104955,
    "f1-score": 0.9850264391464988,
    "support": 3154.0
  },
  "weighted avg": {
    "precision": 0.9898740414529446,
    "recall": 0.989854153455929,
    "f1-score": 0.9898446627840605,
    "support": 3154.0
  }
}