{
  "severity_0": {
    "precision": 0.9907407407407407,
    "recall": 0.9727272727272728,
    "f1-score": 0.981651376146789,
    "support": 110.0
  },
  "severity_1": {
    "precision": 0.9872408293460925,
    "recall": 0.9809825673534073,
    "f1-score": 0.9841017488076311,
    "support": 631.0
  },
  "severity_2": {
    "precision": 0.9857369255150554,
    "recall": 0.9936102236421726,
    "f1-score": 0.9896579156722355,
    "support": 1252.0
  },
  "severity_3": {
    "precision": 0.9974070872947277,
    "recall": 0.9939707149009475,
    "f1-score": 0.9956859361518551,
    "support": 1161.0
  },
  "accuracy": 0.9904882688649335,
  "macro avg": {
    "precision": 0.9902813957241541,
    "recall": 0.98532269465595,
    "f1-score": 0.9877742441946277,
    "support": 3154.0
  },
  "weighted avg": {
    "precision": 0.9905081496172778,
    "recall": 0.9904882688649335,
    "f1-score": 0.9904860295395385,
    "support": 3154.0
  }
}